id,"name","created_at","updated_at"
1,"QH-2012-I/CQ-C-A-C","2016-12-27 04:56:00","2016-12-27 04:56:00"
2,"QH-2013-I/CQ-C-A","2016-12-27 04:56:00","2016-12-27 04:56:00"
3,"QH-2013-I/CQ-C-D","2016-12-27 04:56:00","2016-12-27 04:56:00"
4,"QH-2013-I/CQ-C-C","2016-12-27 04:56:00","2016-12-27 04:56:00"
5,"QH-2013-I/CQ-N","2016-12-27 04:56:00","2016-12-27 04:56:00"
6,"QH-2013-I/CQ-C-CLC","2016-12-27 04:56:00","2016-12-27 04:56:00"
7,"QH-2014-I/CQ-C-A","2016-12-27 04:56:00","2016-12-27 04:56:00"
8,"QH-2011-I/CQ-C-C","2016-12-27 04:56:00","2016-12-27 04:56:00"
9,"QH-2013-I/CQ-C-B","2016-12-27 04:56:00","2016-12-27 04:56:00"
10,"QH-2012-I/CQ-C-D","2016-12-27 04:56:00","2016-12-27 04:56:00"
11,"QH-2010-I/CQ-C-D","2016-12-27 04:56:00","2016-12-27 04:56:00"
12,"QH-2012-I/CQ-C-B","2016-12-27 04:56:01","2016-12-27 04:56:01"
13,"QH-2013-I/CQ-C-A-C","2016-12-27 04:56:01","2016-12-27 04:56:01"
14,"QH-2011-I/CQ-C-A-C","2016-12-27 04:56:01","2016-12-27 04:56:01"
15,"QH-2012-I/CQ-C-A","2016-12-27 04:56:01","2016-12-27 04:56:01"
16,"QH-2012-I/CQ-C-C","2016-12-27 04:56:01","2016-12-27 04:56:01"
17,"QH-2011-I/CQ-C-D","2016-12-27 04:56:01","2016-12-27 04:56:01"
18,"QH-2014-I/CQ-C-A-C","2016-12-27 04:56:01","2016-12-27 04:56:01"
19,"QH-2014-I/CQ-C-B","2016-12-27 04:56:01","2016-12-27 04:56:01"
20,"QH-2015-I/CQ-C-CLC","2016-12-27 04:56:01","2016-12-27 04:56:01"
21,"QH-2012-I/CQ-M","2016-12-27 04:56:01","2016-12-27 04:56:01"
22,"QH-2015-I/CQ-Đ-B","2016-12-27 04:56:01","2016-12-27 04:56:01"
23,"QH-2013-I/CQ-Đ-A","2016-12-27 04:56:01","2016-12-27 04:56:01"
24,"QH-2015-I/CQ-C-A","2016-12-27 04:56:01","2016-12-27 04:56:01"
25,"QH-2014-I/CQ-C-CLC","2016-12-27 04:56:01","2016-12-27 04:56:01"
26,"QH-2012-I/CQ-H","2016-12-27 04:56:01","2016-12-27 04:56:01"
27,"QH-2014-I/CQ-H","2016-12-27 04:56:01","2016-12-27 04:56:01"
28,"QH-2014-I/CQ-Đ-B","2016-12-27 04:56:01","2016-12-27 04:56:01"
29,"QH-2013-I/CQ-V","2016-12-27 04:56:01","2016-12-27 04:56:01"
30,"QH-2014-I/CQ-C-D","2016-12-27 04:56:01","2016-12-27 04:56:01"
31,"QH-2015-I/CQ-M","2016-12-27 04:56:01","2016-12-27 04:56:01"
32,"QH-2014-I/CQ-C-C","2016-12-27 04:56:01","2016-12-27 04:56:01"
33,"QH-2013-I/CQ-H","2016-12-27 04:56:01","2016-12-27 04:56:01"
34,"QH-2013-I/CQ-T","2016-12-27 04:56:01","2016-12-27 04:56:01"
35,"QH-2015-I/CQ-C-C","2016-12-27 04:56:01","2016-12-27 04:56:01"
36,"QH-2014-I/CQ-M","2016-12-27 04:56:01","2016-12-27 04:56:01"
37,"QH-2014-I/CQ-T","2016-12-27 04:56:01","2016-12-27 04:56:01"
38,"QH-2013-I/CQ-M","2016-12-27 04:56:01","2016-12-27 04:56:01"
39,"QH-2014-I/CQ-Đ-A","2016-12-27 04:56:01","2016-12-27 04:56:01"
40,"QH-2015-I/CQ-H","2016-12-27 04:56:01","2016-12-27 04:56:01"
41,"QH-2015-I/CQ-N","2016-12-27 04:56:01","2016-12-27 04:56:01"
42,"QH-2015-I/CQ-V","2016-12-27 04:56:01","2016-12-27 04:56:01"
43,"QH-2014-I/CQ-V","2016-12-27 04:56:02","2016-12-27 04:56:02"
44,"QH-2015-I/CQ-C-B","2016-12-27 04:56:02","2016-12-27 04:56:02"
45,"QH-2014-I/CQ-N","2016-12-27 04:56:02","2016-12-27 04:56:02"
46,"QH-2015-I/CQ-T","2016-12-27 04:56:02","2016-12-27 04:56:02"
47,"QH-2013-I/CQ-Đ-B","2016-12-27 04:56:02","2016-12-27 04:56:02"
48,"QH-2015-I/CQ-C-D","2016-12-27 04:56:02","2016-12-27 04:56:02"
49,"QH-2015-I/CQ-Đ-A","2016-12-27 04:56:03","2016-12-27 04:56:03"
50,"QH-2012-I/CQ-Đ-B","2016-12-27 04:56:03","2016-12-27 04:56:03"
51,"QH-2011-I/CQ-H","2016-12-27 04:56:04","2016-12-27 04:56:04"
52,"QH-2011-I/CQ-M","2016-12-27 04:56:04","2016-12-27 04:56:04"
53,"QH-2015-I/CQ-C-A-C","2016-12-27 04:56:04","2016-12-27 04:56:04"
54,"QH-2011-I/CQ-C-B","2016-12-27 04:56:05","2016-12-27 04:56:05"
55,"QH-2012-I/CQ-T","2016-12-27 04:56:07","2016-12-27 04:56:07"
56,"QH-2010-I/CQ-C-B","2016-12-27 04:56:09","2016-12-27 04:56:09"
57,"QH-2012-I/CQ-Đ","2016-12-27 04:56:10","2016-12-27 04:56:10"
58,"QH-2012-I/CQ-V","2016-12-27 04:56:10","2016-12-27 04:56:10"
59,"QH-2015-I/CQ-BK","2016-12-27 04:56:10","2016-12-27 04:56:10"
60,"QH-2016-I/CQ-C-CLC","2016-12-27 04:56:12","2016-12-27 04:56:12"
61,"QH-2016-I/CQ-M","2016-12-27 04:56:13","2016-12-27 04:56:13"
62,"QH-2016-I/CQ-C-B","2016-12-27 04:56:13","2016-12-27 04:56:13"
63,"QH-2016-I/CQ-H","2016-12-27 04:56:13","2016-12-27 04:56:13"
64,"QH-2016-I/CQ-T","2016-12-27 04:56:13","2016-12-27 04:56:13"
65,"QH-2016-I/CQ-Đ-B","2016-12-27 04:56:13","2016-12-27 04:56:13"
66,"QH-2016-I/CQ-V","2016-12-27 04:56:13","2016-12-27 04:56:13"
67,"QH-2016-I/CQ-C-C","2016-12-27 04:56:13","2016-12-27 04:56:13"
68,"QH-2016-I/CQ-C-D","2016-12-27 04:56:13","2016-12-27 04:56:13"
69,"QH-2016-I/CQ-C-A-C","2016-12-27 04:56:13","2016-12-27 04:56:13"
70,"QH-2016-I/CQ-E","2016-12-27 04:56:14","2016-12-27 04:56:14"
71,"QH-2016-I/CQ-N","2016-12-27 04:56:17","2016-12-27 04:56:17"
72,"QH-2010-I/CQ-T","2016-12-27 04:56:22","2016-12-27 04:56:22"
73,"QH-2010-I/CQ-H","2016-12-27 04:56:23","2016-12-27 04:56:23"
74,"QH-2016-I/CQ-C-A-CLC1","2016-12-27 04:56:30","2016-12-27 04:56:30"
75,"QH-2016-I/CQ-Đ-A","2016-12-27 04:56:30","2016-12-27 04:56:30"
76,"QH-2016-I/CQ-C-A-CLC2","2016-12-27 04:56:30","2016-12-27 04:56:30"
77,"QH-2011-I/CQ-C-A","2016-12-27 04:56:38","2016-12-27 04:56:38"
78,"QH-2010-I/CQ-C-A","2016-12-27 04:56:38","2016-12-27 04:56:38"
79,"QH-2011-I/CQ-Đ-B","2016-12-27 04:56:46","2016-12-27 04:56:46"
80,"QH-2010-I/CQ-C-C","2016-12-27 04:56:55","2016-12-27 04:56:55"
